tmax,tmin,prcp,wspd,pres
26.169085,19.876633,0.95466006,10.094131,1016.4394

20.2,28.4,10.2,238.0,16.4,1010.3